{
    "hmg": {
        "900": {
            "BETA_EFF": [
                0.00022774650676539015,
                0.0011758947312941938,
                0.0011228070048011178,
                0.002518196314176503,
                0.0010332339987465624,
                0.00043278964319417706
            ],
            "CHI_D": [
                0.043917625915656525,
                0.8875480930807012,
                0.06408081886526683,
                0.0044534621383757805,
                0.0,
                0.0,
                0.0,
                0.0
            ],
            "CHI_P": [
                0.588065291986967,
                0.40519942970617295,
                0.006385038626416226,
                0.00035023968045045615,
                0.0,
                0.0,
                0.0,
                0.0
            ],
            "CHI_T": [
                0.58454257457807,
                0.4083220711132302,
                0.006758551079266927,
                0.0003768032294397764,
                0.0,
                0.0,
                0.0,
                0.0
            ],
            "DECAY_CONSTANT": [
                0.013336146196685748,
                0.032737871347731984,
                0.12078251109130354,
                0.3028070130643917,
                0.8496070489043371,
                2.853389589701173
            ],
            "DIFFCOEF": [
                2.2473735860446395,
                1.0645298328263055,
                0.8544618297246767,
                0.8674273170036072,
                0.856779703629071,
                0.8641911522267004,
                0.8338348994528172,
                0.7370184499368847
            ],
            "FISSE": [
                195.2848371521293,
                193.43738309547376,
                193.40561382497896,
                193.4057330475636,
                193.40549603635122,
                193.4054000628282,
                193.40539888264536,
                193.40539876155805
            ],
            "FISSXS": [
                4.5996574082601584e-05,
                2.7338132548827184e-05,
                4.693862005658595e-05,
                0.00020039315425960955,
                0.0007986871394812124,
                0.0007926545978217282,
                0.0038426244957425267,
                0.009225088581623271
            ],
            "GTRANSFXS": [
                0.14097538756025474,
                0.03842315351134495,
                7.532717375313753e-05,
                1.745643773773551e-06,
                0.0,
                0.0,
                0.0,
                0.0,
                0.0,
                0.32639188877212827,
                0.02088685206168454,
                9.06967511408712e-06,
                2.5405252420412087e-08,
                0.0,
                0.0,
                0.0,
                0.0,
                0.0,
                0.38248784903328104,
                0.03158333381436926,
                0.0,
                0.0,
                0.0,
                0.0,
                0.0,
                0.0,
                0.0,
                0.3910014876147952,
                0.01493813829450232,
                0.0,
                0.0,
                0.0,
                0.0,
                0.0,
                0.0,
                0.0,
                0.3912181180442732,
                0.015326777465710225,
                0.0,
                0.0,
                0.0,
                0.0,
                0.0,
                0.0,
                0.0002730863122203605,
                0.36790263441379756,
                0.037537211476887385,
                6.730947513140689e-06,
                0.0,
                0.0,
                0.0,
                0.0,
                0.0,
                0.00270854060700148,
                0.38657702591388504,
                0.02047876217431995,
                0.0,
                0.0,
                0.0,
                0.0,
                0.0,
                5.345112823051616e-07,
                0.06802153830964829,
                0.36391175062224035
            ],
            "NSF": [
                0.00012568976329320196,
                6.77598903658301e-05,
                0.00011398720124759302,
                0.0004877166691895204,
                0.0019455424821040366,
                0.0019314613085872209,
                0.009363322693865297,
                0.02247877237231662
            ],
            "RECIPVEL": [
                4.860856762112598e-10,
                1.3928664167083007e-09,
                4.80181900210954e-09,
                2.4963998940726782e-08,
                1.6226893324936428e-07,
                6.119033418691862e-07,
                1.663382876945151e-06,
                3.589272222545391e-06
            ],
            "REMXS": [
                0.038652134456907294,
                0.020946892346040913,
                0.03170920216282841,
                0.015439836581735866,
                0.018985843745668807,
                0.03896797783695882,
                0.028170577139146447,
                0.0796577876484762
            ],
            "S0": [
                0.14092362657744759,
                0.0381980977102686,
                6.215549800557342e-05,
                1.4811522928987708e-06,
                0.0,
                0.0,
                0.0,
                0.0,
                0.0,
                0.32639188877212827,
                0.02088685206168454,
                9.06967511408712e-06,
                2.5405252420412087e-08,
                0.0,
                0.0,
                0.0,
                0.0,
                0.0,
                0.38248784903328104,
                0.03158333381436926,
                0.0,
                0.0,
                0.0,
                0.0,
                0.0,
                0.0,
                0.0,
                0.3910014876147952,
                0.01493813829450232,
                0.0,
                0.0,
                0.0,
                0.0,
                0.0,
                0.0,
                0.0,
                0.3912181180442732,
                0.015326777465710225,
                0.0,
                0.0,
                0.0,
                0.0,
                0.0,
                0.0,
                0.0002730863122203605,
                0.36790263441379756,
                0.037537211476887385,
                6.730947513140689e-06,
                0.0,
                0.0,
                0.0,
                0.0,
                0.0,
                0.00270854060700148,
                0.38657702591388504,
                0.02047876217431995,
                0.0,
                0.0,
                0.0,
                0.0,
                0.0,
                5.345112823051616e-07,
                0.06802153830964829,
                0.36391175062224035
            ],