{
    "fuel": {
        "1200": {
            "BETA_EFF": [
                0.0002277457985755817,
                0.001175953936287144,
                0.001122899686947293,
                0.0025185457823096763,
                0.0010335262005859403,
                0.000432906891914749
            ],
            "CHI_D": [
                1.0,
                0.0
            ],
            "CHI_P": [
                1.000000000000002,
                0.0
            ],
            "CHI_T": [
                1.000000000000002,
                0.0
            ],
            "DECAY_CONSTANT": [
                0.013336173738466496,
                0.03273766318534082,
                0.12078297428985452,
                0.3028119739528521,
                0.8496285271699455,
                2.853461589180639
            ],
            "DIFFCOEF": [
                1.2373577015652222,
                1.209254649126858
            ],
            "FISSE": [
                193.42838568727154,
                193.40539888327484
            ],
            "FISSXS": [
                0.0011336859306396857,
                0.015903113816825003
            ],
            "GTRANSFXS": [
                0.28232658460727145,
                0.0023315741959214153,
                0.0008067853992223988,
                0.26489528474094126
            ],
            "NSF": [
                0.002765832066202944,
                0.038751115727496586
            ],
            "RECIPVEL": [
                8.835315199414271e-08,
                1.7815658522622594e-06
            ],
            "REMXS": [
                0.006249461369997742,
                0.02097858754400914
            ]
        },
        "900": {
            "BETA_EFF": [
                0.00022774706889848199,
                0.0011759746253987118,
                0.0011229276137116257,
                0.0025186405498976347,
                0.0010335988292853528,
                0.00043293613210359735
            ],
            "CHI_D": [
                1.0,
                0.0
            ],
            "CHI_P": [
                1.0000000000000024,
                0.0
            ],
            "CHI_T": [
                1.0000000000000022,
                0.0
            ],
            "DECAY_CONSTANT": [
                0.01333617987864215,
                0.03273761603829335,
                0.12078307902431046,
                0.3028131001377893,
                0.8496334014889568,
                2.8534778342055067
            ],
            "DIFFCOEF": [
                1.1627818933613308,
                1.1278195077234483
            ],
            "FISSE": [
                193.42849450302552,
                193.4053988478859
            ],
            "FISSXS": [
                0.001199911896890515,
                0.01882352584300716
            ],
            "GTRANSFXS": [
                0.30086849301151936,
                0.002276926569587877,
                0.0005664067999404495,
                0.2817132268671983
            ],
            "NSF": [
                0.0029274165561535307,
                0.04586728338630509
            ],
            "RECIPVEL": [
                8.683303370845724e-08,
                1.959654853362906e-06
            ],
            "REMXS": [
                0.006341844392102427,
                0.024374437086619367
            ]
        },
        "temp": [
            900,
            1200
        ]
    },
    "graphite": {
        "1200": {
            "BETA_EFF": [
                0.0,
                0.0,
                0.0,
                0.0,
                0.0,
                0.0
            ],
            "CHI_D": [
                0.0,
                0.0
            ],
            "CHI_P": [
                0.0,
                0.0
            ],
            "CHI_T": [
                0.0,
                0.0
            ],
            "DECAY_CONSTANT": [
                0.0,
                0.0,
                0.0,
                0.0,
                0.0,
                0.0
            ],
            "DIFFCOEF": [
                0.8919731960038182,
                0.7661053068301372
            ],
            "FISSE": [
                0.0,
                0.0
            ],
            "FISSXS": [
                0.0,
                0.0
            ],
            "GTRANSFXS": [
                0.395683317823888,
                0.004554671253125907,
                0.0013296487931512056,
                0.4493198271747635
            ],
            "NSF": [
                0.0,
                0.0
            ],
            "RECIPVEL": [
                9.07328074109551e-08,
                1.7949388813637412e-06
            ],
            "REMXS": [
                0.0045677578726348155,
                0.001471147927082403
            ]
        },
        "900": {
            "BETA_EFF": [
                0.0,
                0.0,
                0.0,
                0.0,
                0.0,
                0.0
            ],
            "CHI_D": [
                0.0,
                0.0
            ],
            "CHI_P": [
                0.0,
                0.0
            ],
            "CHI_T": [
                0.0,
                0.0
            ],
            "DECAY_CONSTANT": [
                0.0,
                0.0,
                0.0,
                0.0,
                0.0,
                0.0
            ],
            "DIFFCOEF": [
                0.8869600591072024,
                0.7613360009743724
            ],
            "FISSE": [
                0.0,
                0.0
            ],
            "FISSXS": [
                0.0,
                0.0
            ],
            "GTRANSFXS": [
                0.3983062941158192,
                0.004217636182651994,
                0.0008270293820712829,
                0.45098273321628635
            ],
            "NSF": [
                0.0,
                0.0
            ],
            "RECIPVEL": [
                8.920874121462355e-08,
                1.977592154310938e-06
            ],
            "REMXS": [
                0.0042306445561037034,
                0.0009837700248775591
            ]
        },
        "temp": [
            900,
            1200
        ]
    }
}